Experiment,Features
DS_TRUE,"['x1', 'x2', 'x3']"
DS1AvgSIZ,"['noise7', 'corr2', 'noise9', 'x1', 'noise2', 'x3', 'noise1']"
DS1AvgDIZ,"['noise7', 'corr2', 'noise9', 'x1', 'noise2', 'x3', 'noise1']"
DS1MinSIZ,"['noise7', 'corr2', 'x1', 'x3']"
DS1MinDIZ,"['noise7', 'corr2', 'x1', 'x3']"
DS2AvgSIZ,"['x3', 'x2', 'x1', 'corr2']"
DS2AvgDIZ,"['x3', 'x2', 'x1', 'corr2']"
DS2MinSIZ,"['x3', 'x2', 'x1', 'corr2']"
DS2MinDIZ,"['x3', 'x2', 'x1', 'corr2']"
DS3AvgSIZ,"['x3', 'x2', 'x1', 'noise6']"
DS3AvgDIZ,"['x3', 'x2', 'x1', 'noise6']"
DS3MinSIZ,"['x3', 'x2', 'x1', 'noise6', 'noise4']"
DS3MinDIZ,"['x3', 'x2', 'x1', 'noise6', 'noise4']"
DS4AvgSIZ,"['noise9', 'corr2', 'noise7', 'noise2', 'x2', 'x3', 'x1']"
DS4AvgDIZ,"['noise9', 'corr2', 'noise7', 'noise2', 'x2', 'x3', 'x1']"
DS4MinSIZ,"['noise9', 'corr2', 'noise7', 'x2', 'x3', 'x1']"
DS4MinDIZ,"['noise9', 'corr2', 'noise7', 'x2', 'x3', 'x1']"
DS5AvgSIZ,"['x1', 'noise4', 'x2', 'x3', 'noise2', 'noise10']"
DS5AvgDIZ,"['x1', 'noise4', 'x2', 'x3', 'noise2', 'noise10']"
DS5MinSIZ,"['x1', 'x2', 'x3', 'noise10']"
DS5MinDIZ,"['x1', 'x2', 'x3', 'noise10']"
DS6AvgSIZ,"['x3', 'x2', 'x1', 'noise8', 'noise4']"
DS6AvgDIZ,"['x3', 'x2', 'x1', 'noise8', 'noise4']"
DS6MinSIZ,"['x3', 'x2', 'x1', 'noise8', 'noise4']"
DS6MinDIZ,"['x3', 'x2', 'x1', 'noise8', 'noise4']"
DS7AvgSIZ,"['x3', 'x2', 'x1', 'noise6']"
DS7AvgDIZ,"['x3', 'x2', 'x1', 'noise6']"
DS7MinSIZ,"['x3', 'x2', 'x1', 'noise7']"
DS7MinDIZ,"['x3', 'x2', 'x1', 'noise7']"
DS8AvgSIZ,"['x3', 'x1', 'noise4', 'noise9', 'x2', 'noise3']"
DS8AvgDIZ,"['x3', 'x1', 'noise4', 'noise9', 'x2', 'noise3']"
DS8MinSIZ,"['x3', 'x1', 'corr2', 'x2', 'noise3']"
DS8MinDIZ,"['x3', 'x1', 'corr2', 'x2', 'noise3']"
DS9AvgSIZ,"['x3', 'x2', 'x1', 'noise6', 'corr2']"
DS9AvgDIZ,"['x3', 'x2', 'x1', 'noise6', 'corr2']"
DS9MinSIZ,"['x3', 'x2', 'x1', 'noise6', 'corr2']"
DS9MinDIZ,"['x3', 'x2', 'x1', 'noise6', 'corr2']"
DS10AvgSIZ,"['x3', 'x2', 'x1', 'noise4', 'noise3']"
DS10AvgDIZ,"['x3', 'x2', 'x1', 'noise4', 'noise3']"
DS10MinSIZ,"['x3', 'x2', 'x1', 'noise3', 'noise7']"
DS10MinDIZ,"['x3', 'x2', 'x1', 'noise3', 'noise7']"
DM_TRUE,"['x1', 'x2', 'x3', 'x4', 'x5', 'x6']"
DM1AvgSIZ,"['x1', 'x2', 'x6', 'x3', 'x5', 'x4', 'noise22', 'noise21', 'noise50', 'noise29', 'noise34', 'noise15', 'noise36', 'noise49']"
DM1AvgDIZ,"['x1', 'x2', 'x6', 'x3', 'x5', 'x4', 'noise22', 'noise21', 'noise50', 'noise29', 'noise34', 'noise15', 'noise36', 'noise49']"
DM1MinSIZ,"['x1', 'x2', 'x6', 'x3', 'x5', 'x4', 'noise21', 'noise50', 'noise29', 'noise17', 'noise36', 'noise49', 'corr1', 'noise20', 'noise5']"
DM1MinDIZ,"['x1', 'x2', 'x6', 'x3', 'x5', 'x4', 'noise21', 'noise50', 'noise29', 'noise17', 'noise15', 'noise23', 'corr1', 'noise5']"
DM2AvgSIZ,"['x6', 'x1', 'corr3', 'x2', 'noise3', 'noise14', 'noise27', 'noise50', 'noise44', 'noise20', 'x3', 'noise41', 'noise15', 'corr1', 'noise47']"
DM2AvgDIZ,"['x6', 'x1', 'corr3', 'x2', 'noise3', 'noise14', 'noise27', 'noise50', 'noise44', 'noise20', 'x3', 'noise41', 'noise15', 'corr1', 'noise47']"
DM2MinSIZ,"['x6', 'x1', 'x2', 'noise3', 'noise14', 'noise27', 'noise50', 'noise44', 'x3', 'noise15']"
DM2MinDIZ,"['x6', 'x1', 'x2', 'noise3', 'noise14', 'noise27', 'noise50', 'noise44', 'x3', 'noise15']"
DM3AvgSIZ,"['x5', 'x2', 'x6', 'x4', 'noise31', 'noise1', 'noise30', 'noise10', 'noise34', 'noise8', 'noise5', 'noise33']"
DM3AvgDIZ,"['x5', 'x2', 'x6', 'x4', 'noise31', 'noise1', 'noise30', 'noise7', 'noise9', 'noise34', 'noise22', 'noise33']"
DM3MinSIZ,"['x5', 'x2', 'x1', 'x3', 'x6', 'x4', 'noise31', 'noise30', 'noise7', 'noise10', 'noise34', 'noise3', 'noise5', 'noise38', 'noise11', 'noise33', 'corr1', 'noise23']"
DM3MinDIZ,"['x5', 'x2', 'x1', 'x3', 'x6', 'x4', 'noise31', 'noise30', 'noise7', 'noise10', 'noise34', 'noise3', 'noise5', 'noise38', 'noise11', 'noise33', 'corr1', 'noise23']"
DM4AvgSIZ,"['x5', 'x2', 'x6', 'x4', 'noise27', 'noise11', 'noise45', 'noise26', 'noise1', 'noise22', 'corr3', 'noise19', 'noise24', 'noise8']"
DM4AvgDIZ,"['x5', 'x2', 'x6', 'x4', 'noise27', 'noise11', 'noise45', 'noise26', 'noise1', 'noise22', 'noise19', 'noise24', 'noise8']"
DM4MinSIZ,"['x5', 'x2', 'x1', 'x3', 'x6', 'x4', 'noise27', 'noise18', 'noise40', 'noise11', 'noise45', 'noise26', 'noise1', 'noise35', 'noise22', 'noise9', 'corr3', 'noise19', 'noise7']"
DM4MinDIZ,"['x5', 'x2', 'x1', 'x3', 'x6', 'x4', 'noise27', 'noise18', 'noise40', 'noise11', 'noise45', 'noise26', 'noise1', 'noise35', 'noise22', 'noise9', 'corr3', 'noise19', 'noise7']"
DM5AvgSIZ,"['x2', 'x4', 'x6', 'x3', 'noise50', 'x1', 'noise7', 'x5', 'noise48', 'noise17', 'noise45', 'corr1', 'noise5', 'noise49', 'noise16', 'noise12']"
DM5AvgDIZ,"['x2', 'x4', 'x6', 'x3', 'noise50', 'x1', 'noise7', 'x5', 'noise48', 'noise17', 'noise45', 'corr1', 'noise5', 'noise49', 'noise16', 'noise12']"
DM5MinSIZ,"['x2', 'x4', 'x6', 'x3', 'noise50', 'x1', 'noise7', 'noise17', 'noise45', 'corr1', 'noise5', 'noise10', 'noise23', 'noise26', 'noise15', 'noise27', 'noise28']"
DM5MinDIZ,"['x2', 'x4', 'x6', 'x3', 'noise50', 'x1', 'noise7', 'noise17', 'noise45', 'corr1', 'noise5', 'noise10', 'noise23', 'noise26', 'noise15', 'noise27', 'noise28']"
DM6AvgSIZ,"['x5', 'x2', 'x1', 'x6', 'x4', 'noise44', 'noise16', 'noise5', 'noise42', 'noise17']"
DM6AvgDIZ,"['x5', 'x2', 'x1', 'x6', 'x4', 'noise44', 'noise16', 'noise5', 'noise42', 'noise17']"
DM6MinSIZ,"['x5', 'x2', 'x1', 'x3', 'x6', 'x4', 'noise36', 'noise18', 'noise4', 'noise16', 'noise5', 'corr2', 'noise26', 'noise42', 'noise23', 'noise43']"
DM6MinDIZ,"['x5', 'x2', 'x1', 'x3', 'x6', 'x4', 'noise36', 'noise18', 'noise4', 'noise16', 'noise5', 'noise26', 'noise39', 'noise42', 'noise17', 'noise23', 'noise38']"
DM7AvgSIZ,"['x6', 'x3', 'x5', 'noise23', 'noise46', 'noise36']"
DM7AvgDIZ,"['x6', 'x3', 'x5', 'noise23', 'noise46', 'noise36', 'noise39', 'noise43', 'noise34']"
DM7MinSIZ,"['x6', 'x3', 'x5', 'x1', 'noise32', 'noise23']"
DM7MinDIZ,"['x6', 'x3', 'x5', 'x1', 'noise32', 'noise23', 'noise36', 'noise39', 'noise49']"
DM8AvgSIZ,"['x5', 'x2', 'x6', 'corr1', 'noise14', 'noise35', 'noise21', 'corr4', 'noise13']"
DM8AvgDIZ,"['x5', 'x2', 'x6', 'corr1', 'noise14', 'noise35', 'noise21', 'corr4', 'noise41', 'noise26', 'noise9', 'noise13']"
DM8MinSIZ,"['x5', 'x2', 'x1', 'x3', 'x6', 'corr1', 'noise14', 'noise18', 'noise35', 'x4', 'noise21', 'noise44', 'noise10', 'noise26', 'noise9', 'noise13']"
DM8MinDIZ,"['x5', 'x2', 'x1', 'x3', 'x6', 'corr1', 'noise14', 'noise18', 'noise35', 'x4', 'noise21', 'noise44', 'noise10', 'noise26', 'noise9', 'noise13']"
DM9AvgSIZ,"['x1', 'x2', 'x6', 'x3', 'x4', 'corr3', 'noise48', 'noise32', 'noise31', 'noise3', 'noise1', 'noise13', 'noise29', 'corr2']"
DM9AvgDIZ,"['x1', 'x2', 'x6', 'x3', 'x4', 'corr3', 'noise48', 'noise32', 'noise31', 'noise3', 'noise1', 'noise13', 'noise29', 'corr2']"
DM9MinSIZ,"['x1', 'x2', 'x6', 'x3', 'x4', 'corr3', 'noise4', 'noise19', 'noise22', 'noise32', 'noise3', 'noise10', 'x5']"
DM9MinDIZ,"['x1', 'x2', 'x6', 'x3', 'x4', 'corr3', 'noise4', 'noise19', 'noise22', 'noise32', 'noise3', 'noise10', 'x5']"
DM10AvgSIZ,"['x2', 'noise46', 'noise39', 'noise25', 'noise22', 'noise26', 'x3', 'x4', 'noise41', 'noise21']"
DM10AvgDIZ,"['x2', 'noise46', 'noise29', 'noise26', 'x3', 'noise11', 'x4', 'noise38', 'noise13', 'noise6', 'noise30', 'noise5', 'noise33', 'noise24']"
DM10MinSIZ,"['x2', 'x1', 'noise46', 'noise39', 'noise26', 'noise15', 'noise40', 'x4', 'noise38', 'noise31', 'noise13', 'noise6', 'noise24']"
DM10MinDIZ,"['x2', 'x1', 'noise46', 'noise39', 'x3', 'noise40', 'x4', 'noise20', 'noise41', 'noise6', 'noise24']"
DL_TRUE,"['x1', 'x2', 'x3', 'x4', 'x5', 'x6', 'x7', 'x8', 'x9', 'x10']"
DL1AvgSIZ,"['x4', 'x1', 'x5', 'x6', 'x10', 'x8', 'x3', 'x9', 'noise94', 'x7', 'noise113', 'noise68', 'noise96', 'noise91', 'noise123', 'noise75', 'noise98', 'noise11', 'noise16', 'corr1', 'noise55']"
DL1AvgDIZ,"['x4', 'x1', 'x5', 'x6', 'x10', 'x8', 'x3', 'x9', 'noise94', 'x7', 'noise113', 'noise68', 'noise96', 'noise91', 'noise123', 'noise76', 'noise44', 'noise5', 'noise75', 'noise102', 'noise22', 'noise16', 'corr1', 'noise55', 'noise69', 'noise40', 'noise57']"
DL1MinSIZ,"['x4', 'x1', 'x5', 'x2', 'x6', 'x10', 'x8', 'x3', 'x9', 'noise94', 'x7', 'noise68', 'noise96', 'noise65', 'noise4', 'noise91', 'noise13', 'noise8', 'noise123', 'noise93', 'noise5', 'noise110', 'noise98', 'noise11', 'noise127', 'noise37', 'noise16', 'noise10', 'noise24', 'noise21', 'noise53', 'noise7', 'corr1', 'noise55', 'noise29', 'noise69', 'noise9', 'noise39', 'noise112', 'noise104']"
DL1MinDIZ,"['x4', 'x1', 'x5', 'x2', 'x6', 'x10', 'x8', 'x3', 'x9', 'noise94', 'x7', 'noise68', 'noise96', 'noise65', 'noise4', 'noise106', 'noise131', 'noise8', 'noise44', 'noise5', 'noise75', 'noise98', 'noise11', 'noise37', 'noise31', 'noise16', 'noise21', 'noise7', 'corr1', 'noise55', 'noise51', 'noise39', 'noise104']"
DL2AvgSIZ,"['x10', 'x7', 'noise85', 'x8', 'noise59', 'x2', 'x4', 'x3', 'noise58', 'noise15', 'x9', 'noise103', 'noise35', 'noise54', 'noise114', 'noise134', 'noise83', 'noise12', 'noise101', 'noise135', 'x5', 'noise44', 'noise55', 'noise64', 'noise21', 'noise77', 'noise33', 'noise23', 'noise91', 'noise27', 'noise25']"
DL2AvgDIZ,"['x10', 'x7', 'noise85', 'x8', 'noise59', 'x2', 'x4', 'x3', 'noise58', 'noise15', 'x9', 'noise70', 'noise54', 'noise31', 'noise32', 'noise19', 'noise83', 'corr4', 'noise4', 'noise92', 'x5', 'noise44', 'noise108', 'noise18', 'noise55', 'noise64', 'noise77', 'noise33', 'noise86', 'noise23', 'noise91', 'noise25']"
DL2MinSIZ,"['x10', 'x7', 'x1', 'noise85', 'x8', 'noise59', 'x2', 'x4', 'x6', 'x3', 'noise94', 'noise15', 'x9', 'noise103', 'noise70', 'corr5', 'noise35', 'noise54', 'noise90', 'noise134', 'noise32', 'noise19', 'noise83', 'noise115', 'noise53', 'x5', 'noise127', 'noise10', 'noise44', 'noise108', 'noise18', 'noise64', 'noise16', 'noise102', 'noise23', 'noise49', 'noise2', 'noise27', 'noise118']"
DL2MinDIZ,"['x10', 'x7', 'x1', 'noise85', 'x8', 'noise59', 'x2', 'x4', 'x6', 'x3', 'noise94', 'noise15', 'x9', 'noise103', 'noise70', 'corr5', 'noise35', 'noise54', 'noise90', 'noise134', 'noise32', 'noise19', 'noise83', 'noise115', 'noise53', 'x5', 'noise127', 'noise10', 'noise44', 'noise108', 'noise18', 'noise64', 'noise16', 'noise102', 'noise23', 'noise49', 'noise2', 'noise27', 'noise118']"
DL3AvgSIZ,"['noise35', 'noise43', 'noise76', 'noise85', 'x8', 'x6', 'x2', 'x7', 'noise128', 'x10', 'noise112', 'x9', 'x3', 'noise126', 'noise135', 'noise56', 'noise39', 'x5', 'noise61', 'noise49', 'noise89', 'noise113', 'noise80', 'noise33', 'noise42']"
DL3AvgDIZ,"['noise35', 'noise43', 'noise7', 'noise76', 'noise4', 'x8', 'noise59', 'x6', 'x4', 'x7', 'noise73', 'noise128', 'x10', 'noise112', 'x9', 'noise75', 'x3', 'noise126', 'noise41', 'x5', 'noise61', 'noise89', 'noise116', 'noise67', 'noise22', 'noise96', 'noise63', 'noise123', 'noise79', 'noise74', 'noise108', 'noise1', 'corr5', 'noise88', 'noise33', 'noise15', 'noise42']"
DL4AvgSIZ,"['corr2', 'noise10', 'noise103', 'noise113', 'noise117', 'noise118', 'noise122', 'noise127', 'noise129', 'noise24', 'noise29', 'noise52', 'noise56', 'noise58', 'noise6', 'noise68', 'noise72', 'noise77', 'noise79', 'noise8', 'noise82', 'noise84', 'noise85', 'x10', 'x2', 'x3', 'x4', 'x5', 'x6', 'x8', 'x9']"
DL4AvgDIZ,"['corr1', 'noise10', 'noise113', 'noise117', 'noise122', 'noise127', 'noise18', 'noise24', 'noise27', 'noise29', 'noise36', 'noise4', 'noise52', 'noise58', 'noise59', 'noise6', 'noise61', 'noise72', 'noise77', 'noise79', 'noise8', 'noise84', 'noise85', 'x10', 'x2', 'x3', 'x4', 'x5', 'x6', 'x8', 'x9']"
DL4MinSIZ,"['corr2', 'noise10', 'noise102', 'noise104', 'noise110', 'noise113', 'noise115', 'noise117', 'noise122', 'noise129', 'noise13', 'noise131', 'noise17', 'noise20', 'noise25', 'noise27', 'noise29', 'noise36', 'noise4', 'noise52', 'noise55', 'noise58', 'noise6', 'noise61', 'noise67', 'noise72', 'noise77', 'noise8', 'noise82', 'noise85', 'noise94', 'x1', 'x10', 'x2', 'x3', 'x4', 'x5', 'x6', 'x7', 'x8', 'x9']"
DL4MinDIZ,"['x8', 'x9', 'x7', 'x1', 'x10', 'noise52', 'x2', 'x4', 'x6', 'noise58', 'x3', 'noise8', 'x5', 'noise29', 'noise10', 'noise72', 'noise131', 'noise113', 'noise122', 'noise85', 'noise18', 'noise61', 'noise100', 'noise115', 'noise6', 'noise104', 'noise110', 'noise77', 'noise30', 'noise25', 'noise26', 'noise133', 'noise103']"
DL5AvgSIZ,"['x10', 'x8', 'x2', 'x3', 'x9', 'x6', 'x4', 'noise67', 'noise59', 'x1', 'noise108', 'noise130', 'x7', 'noise77', 'noise36', 'noise34', 'noise135', 'noise50', 'noise98', 'noise4', 'noise106', 'noise68', 'noise104', 'noise39', 'noise61', 'noise102', 'noise95', 'noise23', 'noise15']"
DL5AvgDIZ,"['x10', 'x8', 'x2', 'x3', 'x9', 'x6', 'x4', 'noise67', 'noise59', 'x1', 'noise108', 'noise130', 'x7', 'noise77', 'noise36', 'noise34', 'noise135', 'noise69', 'noise46', 'noise2', 'noise50', 'noise76', 'noise98', 'noise4', 'noise68', 'noise39', 'noise61', 'noise102', 'noise49', 'noise95', 'noise23']"
DL5MinSIZ,"['x10', 'x8', 'x2', 'x3', 'x5', 'x9', 'x6', 'noise40', 'x4', 'noise67', 'noise59', 'noise114', 'noise108', 'noise130', 'noise88', 'x7', 'noise14', 'noise10', 'noise78', 'noise90', 'noise69', 'noise50', 'noise76', 'noise4', 'noise13', 'noise84', 'corr2', 'noise68', 'noise104', 'noise83', 'noise39', 'noise20', 'corr5', 'noise61', 'noise110', 'noise102', 'noise5', 'noise95']"
DL5MinDIZ,"['x10', 'x8', 'x2', 'x3', 'x5', 'x9', 'x6', 'noise40', 'x4', 'noise67', 'noise59', 'noise114', 'noise108', 'noise130', 'noise88', 'x7', 'noise14', 'noise10', 'noise78', 'noise90', 'noise2', 'noise98', 'noise13', 'noise106', 'corr2', 'noise68', 'noise104', 'noise83', 'corr5', 'noise61', 'noise110', 'noise102', 'noise23']"
DL6AvgSIZ,"['x6', 'x9', 'x10', 'x1', 'x8', 'noise134', 'x3', 'x2', 'noise101', 'noise93', 'noise133', 'x7', 'noise97', 'noise75', 'noise123', 'noise28', 'noise30', 'corr1', 'noise13', 'noise79', 'corr3', 'noise41', 'noise49', 'noise1', 'noise56', 'noise65', 'noise38', 'noise36', 'corr2', 'noise86', 'noise40', 'noise100', 'noise77']"
DL6AvgDIZ,"['x6', 'x9', 'x10', 'x1', 'x8', 'noise134', 'x3', 'x2', 'noise101', 'noise93', 'noise133', 'x7', 'noise97', 'noise75', 'noise123', 'noise28', 'noise30', 'corr1', 'noise13', 'noise61', 'noise39', 'noise76', 'noise79', 'noise52', 'noise41', 'noise1', 'noise108', 'corr4', 'noise36', 'corr2', 'noise86', 'noise40', 'noise77', 'noise113']"
DL6MinSIZ,"['x6', 'x9', 'x10', 'x1', 'x8', 'noise134', 'x3', 'x2', 'noise101', 'noise14', 'x5', 'x7', 'corr5', 'noise75', 'noise35', 'noise41', 'noise1', 'noise108', 'noise38', 'noise60', 'noise36', 'noise45', 'corr2', 'noise23', 'noise80', 'x4', 'noise40', 'noise77']"
DL6MinDIZ,"['x6', 'x9', 'x10', 'x1', 'x8', 'noise134', 'x3', 'x2', 'noise101', 'noise14', 'x5', 'x7', 'corr5', 'noise75', 'noise29', 'noise25', 'noise35', 'noise18', 'noise41', 'noise38', 'noise60', 'noise45', 'noise2', 'noise112', 'corr2', 'noise23', 'noise80', 'x4', 'noise86', 'noise77', 'noise113']"
DL7AvgSIZ,"['x10', 'x7', 'x8', 'x3', 'x9', 'x5', 'noise15', 'noise95', 'noise26', 'noise64', 'noise50', 'noise70', 'noise3', 'noise134', 'noise126', 'corr2', 'noise37', 'noise107', 'noise17', 'noise110', 'noise11', 'noise116', 'noise16', 'noise113', 'noise47', 'noise21', 'noise75', 'noise73', 'noise108', 'noise97']"
DL7AvgDIZ,"['x10', 'x7', 'x8', 'x3', 'x9', 'x5', 'noise15', 'noise95', 'noise3', 'noise12', 'noise126', 'corr2', 'noise119', 'noise80', 'noise117', 'noise107', 'noise17', 'noise87', 'noise60', 'noise105', 'noise11', 'corr3', 'noise130', 'noise83', 'noise113', 'noise115', 'noise65', 'noise36', 'noise30', 'noise47', 'noise75', 'noise73', 'noise97']"
DL7MinSIZ,"['x10', 'x7', 'x8', 'x4', 'corr1', 'x1', 'x3', 'x9', 'x5', 'noise95', 'noise88', 'noise111', 'noise100', 'noise126', 'noise86', 'noise117', 'noise105', 'noise11', 'noise16', 'noise115', 'noise98', 'noise20', 'noise69']"
DL7MinDIZ,"['x10', 'x7', 'x8', 'x4', 'corr1', 'x1', 'x3', 'x9', 'x5', 'noise95', 'noise88', 'noise111', 'noise100', 'noise12', 'noise126', 'noise119', 'noise107', 'noise1', 'noise105', 'noise11', 'corr3', 'noise116', 'noise16', 'noise115', 'noise98', 'noise36', 'noise23', 'noise20', 'noise108', 'noise92']"
DL8AvgSIZ,"['x10', 'x8', 'x2', 'x6', 'x5', 'noise124', 'x9', 'x3', 'corr4', 'noise13', 'corr5', 'noise111', 'noise46', 'x4', 'noise81', 'noise132', 'noise117', 'noise29', 'noise2', 'noise61', 'noise118', 'noise1', 'noise69', 'noise134', 'noise92', 'noise33', 'noise45', 'noise127', 'noise6', 'noise113', 'noise72', 'noise26', 'corr1', 'noise66', 'noise39', 'noise73']"
DL8AvgDIZ,"['x10', 'x8', 'x2', 'x6', 'x5', 'noise124', 'x9', 'x3', 'corr4', 'noise13', 'corr5', 'noise111', 'noise46', 'x4', 'noise81', 'noise132', 'noise117', 'noise29', 'noise41', 'noise2', 'noise61', 'noise118', 'noise95', 'noise126', 'noise1', 'noise79', 'noise92', 'noise86', 'noise116', 'noise58', 'noise33', 'noise72', 'noise129', 'noise26', 'noise66', 'noise96', 'noise39', 'noise73']"
DL8MinSIZ,"['x10', 'x1', 'x8', 'x2', 'x6', 'x7', 'x5', 'noise124', 'x9', 'x3', 'noise13', 'corr5', 'noise85', 'noise111', 'x4', 'noise81', 'noise117', 'noise99', 'noise61', 'noise118', 'noise95', 'noise69', 'noise11', 'noise134', 'noise33', 'noise45', 'noise63', 'noise6', 'noise38', 'noise72', 'noise26', 'corr1', 'noise96', 'noise36']"
DL8MinDIZ,"['x10', 'x1', 'x8', 'x2', 'x6', 'x7', 'x5', 'noise124', 'x9', 'x3', 'noise13', 'corr5', 'noise85', 'noise111', 'x4', 'noise81', 'noise117', 'noise99', 'noise61', 'noise118', 'noise95', 'noise126', 'noise69', 'noise11', 'noise115', 'noise55', 'noise86', 'noise112', 'noise33', 'noise45', 'noise6', 'noise113', 'noise72', 'noise26', 'corr1', 'noise96', 'noise108', 'noise73', 'noise49']"
DL9AvgSIZ,"['x6', 'noise118', 'x4', 'x1', 'x7', 'noise43', 'noise134', 'noise22', 'x8', 'noise111', 'noise120', 'noise2', 'noise110', 'noise44', 'noise95', 'noise6', 'noise119', 'noise21', 'noise107', 'corr2', 'noise53', 'noise122', 'noise129', 'noise93', 'noise89', 'noise70', 'noise4', 'x3']"
DL9AvgDIZ,"['x6', 'noise118', 'x4', 'x1', 'x7', 'noise43', 'noise134', 'noise22', 'x8', 'noise111', 'noise66', 'noise120', 'noise110', 'noise41', 'noise119', 'noise96', 'noise90', 'noise131', 'noise68', 'noise27', 'noise107', 'noise39', 'corr2', 'corr1', 'noise53', 'noise122', 'noise105', 'noise114', 'noise104', 'noise121', 'noise129', 'noise18', 'noise89', 'x3']"
DL9MinSIZ,"['x6', 'noise37', 'noise85', 'noise25', 'noise118', 'x4', 'noise24', 'x1', 'x7', 'noise134', 'noise22', 'x8', 'noise111', 'noise2', 'noise47', 'noise133', 'noise41', 'noise119', 'noise90', 'noise35', 'noise21', 'noise68', 'noise39', 'corr2', 'noise12', 'noise53', 'noise122', 'noise125', 'noise121', 'noise65', 'x3']"
DL9MinDIZ,"['x6', 'noise37', 'noise85', 'noise25', 'noise118', 'x4', 'noise24', 'x1', 'x7', 'noise134', 'noise22', 'x8', 'noise66', 'noise87', 'noise2', 'noise47', 'noise44', 'noise31', 'noise41', 'noise96', 'noise97', 'noise131', 'noise21', 'noise107', 'corr2', 'noise12', 'noise53', 'noise125', 'noise16', 'noise89', 'noise4', 'x3']"
DL10AvgSIZ,"['x10', 'x1', 'x8', 'noise60', 'x5', 'noise47', 'x2', 'noise123', 'x6', 'x3', 'x9', 'noise129', 'noise71', 'noise77', 'noise109', 'noise1', 'noise115', 'corr4', 'noise80', 'noise124', 'noise50']"
DL10AvgDIZ,"['x10', 'x1', 'x8', 'noise60', 'x5', 'noise47', 'x2', 'noise123', 'x6', 'x3', 'x9', 'noise129', 'noise71', 'noise21', 'noise8', 'noise122', 'noise30', 'noise86', 'noise115', 'corr4', 'noise98', 'noise124']"
DL10MinSIZ,"['x10', 'x1', 'x8', 'noise60', 'x7', 'x5', 'noise132', 'x4', 'x2', 'noise123', 'x6', 'x3', 'x9', 'noise66', 'noise129', 'noise71', 'noise21', 'noise77', 'noise67', 'noise1', 'noise131', 'noise24', 'noise19', 'noise97', 'noise119', 'noise30', 'noise86', 'noise120', 'noise112', 'noise53', 'noise126', 'noise95', 'noise98', 'noise14', 'noise118', 'noise44', 'noise11', 'noise45', 'noise72', 'noise103', 'noise38']"
DL10MinDIZ,"['x10', 'x1', 'x8', 'noise60', 'x5', 'noise47', 'noise132', 'x4', 'x2', 'noise123', 'x6', 'x3', 'x9', 'noise66', 'noise129', 'noise71', 'noise46', 'noise67', 'noise109', 'noise83', 'noise1', 'noise29', 'noise131', 'noise97', 'noise107', 'noise122', 'noise30', 'noise105', 'noise70', 'noise104', 'noise120', 'noise112', 'noise53', 'noise85', 'noise126', 'noise95', 'corr4', 'noise79', 'noise22', 'noise124', 'noise44', 'noise17', 'noise11', 'noise45', 'noise72', 'noise38']"
DS_GA1,"['x1', 'x2', 'x3', 'noise2', 'noise4', 'noise5', 'noise6', 'noise8']"
DS_GA2,"['x1', 'x2', 'x3', 'corr2', 'noise3', 'noise7']"
DS_GA3,"['x1', 'x2', 'x3', 'corr1', 'noise1', 'noise4', 'noise10']"
DS_GA4,"['x1', 'x2', 'x3', 'corr1', 'noise5', 'noise6', 'noise10']"
DS_GA5,"['x1', 'x2', 'x3', 'noise1', 'noise2', 'noise8', 'noise9']"
DS_GA6,"['x1', 'x2', 'x3', 'corr1', 'noise5', 'noise10']"
DS_GA7,"['x1', 'x2', 'x3', 'noise4', 'noise5', 'noise7']"
DS_GA8,"['x1', 'x2', 'x3', 'corr2', 'noise3', 'noise4', 'noise8', 'noise9']"
DS_GA9,"['x1', 'x2', 'x3', 'noise4', 'noise6', 'noise9', 'noise10']"
DS_GA10,"['x1', 'x2', 'x3', 'corr2', 'noise2', 'noise3', 'noise5', 'noise6', 'noise7', 'noise8', 'noise10']"
DM_GA1,"['x1', 'x2', 'x3', 'x4', 'x5', 'x6', 'corr2', 'noise11', 'noise13', 'noise15', 'noise16', 'noise18', 'noise19', 'noise24', 'noise32', 'noise35', 'noise37', 'noise38', 'noise39', 'noise41', 'noise42', 'noise43', 'noise45']"
DM_GA2,"['x1', 'x2', 'x3', 'x4', 'x5', 'x6', 'corr3', 'noise1', 'noise4', 'noise9', 'noise14', 'noise18', 'noise19', 'noise20', 'noise23', 'noise27', 'noise34', 'noise36', 'noise38', 'noise39', 'noise40', 'noise43', 'noise50']"
DM_GA3,"['x1', 'x2', 'x3', 'x4', 'x5', 'x6', 'noise3', 'noise6', 'noise7', 'noise12', 'noise14', 'noise15', 'noise20', 'noise26', 'noise28', 'noise35', 'noise37', 'noise44', 'noise45', 'noise48', 'noise50']"
DM_GA4,"['x1', 'x2', 'x3', 'x4', 'x6', 'corr3', 'noise7', 'noise12', 'noise13', 'noise15', 'noise18', 'noise19', 'noise22', 'noise23', 'noise32', 'noise38', 'noise41', 'noise42', 'noise45']"
DM_GA5,"['x1', 'x2', 'x3', 'x4', 'x6', 'corr2', 'noise3', 'noise10', 'noise11', 'noise14', 'noise15', 'noise16', 'noise17', 'noise19', 'noise20', 'noise24', 'noise28', 'noise36', 'noise37', 'noise40', 'noise42', 'noise43', 'noise44', 'noise45', 'noise46', 'noise49']"
DM_GA6,"['x1', 'x2', 'x3', 'x4', 'x5', 'x6', 'noise2', 'noise3', 'noise7', 'noise12', 'noise14', 'noise15', 'noise18', 'noise25', 'noise26', 'noise28', 'noise30', 'noise35', 'noise36', 'noise37', 'noise44']"
DM_GA7,"['x1', 'x2', 'x3', 'x4', 'x6', 'corr2', 'corr4', 'noise2', 'noise3', 'noise9', 'noise10', 'noise11', 'noise17', 'noise18', 'noise19', 'noise24', 'noise26', 'noise27', 'noise28', 'noise32', 'noise35', 'noise37', 'noise40', 'noise41', 'noise49']"
DM_GA8,"['x1', 'x2', 'x3', 'x4', 'x6', 'corr3', 'noise7', 'noise11', 'noise12', 'noise13', 'noise17', 'noise18', 'noise19', 'noise20', 'noise22', 'noise24', 'noise32', 'noise39', 'noise41', 'noise42', 'noise46', 'noise47', 'noise49']"
DM_GA9,"['x1', 'x2', 'x3', 'x4', 'x6', 'corr2', 'corr4', 'noise3', 'noise9', 'noise13', 'noise14', 'noise15', 'noise16', 'noise17', 'noise20', 'noise21', 'noise23', 'noise24', 'noise28', 'noise39', 'noise40', 'noise42', 'noise43', 'noise44', 'noise45', 'noise46', 'noise49']"
DM_GA10,"['x1', 'x2', 'x4', 'x5', 'x6', 'corr3', 'noise1', 'noise3', 'noise4', 'noise5', 'noise11', 'noise13', 'noise19', 'noise21', 'noise33', 'noise34', 'noise35', 'noise44', 'noise48', 'noise50']"
DL_GA1,"['x1', 'x2', 'x3', 'x4', 'x5', 'x6', 'x7', 'x8', 'x9', 'x10', 'corr4', 'noise4', 'noise5', 'noise8', 'noise10', 'noise12', 'noise15', 'noise18', 'noise20', 'noise23', 'noise24', 'noise25', 'noise27', 'noise30', 'noise31', 'noise35', 'noise41', 'noise42', 'noise43', 'noise44', 'noise45', 'noise47', 'noise51', 'noise53', 'noise54', 'noise59', 'noise62', 'noise63', 'noise64', 'noise73', 'noise82', 'noise84', 'noise85', 'noise89', 'noise92', 'noise96', 'noise98', 'noise99', 'noise100', 'noise102', 'noise104', 'noise106', 'noise110', 'noise111', 'noise112', 'noise115', 'noise117', 'noise122', 'noise124', 'noise125', 'noise126', 'noise128', 'noise134']"
DL_GA2,"['x1', 'x2', 'x3', 'x4', 'x5', 'x6', 'x7', 'x8', 'x9', 'x10', 'corr2', 'corr5', 'noise2', 'noise3', 'noise4', 'noise5', 'noise6', 'noise7', 'noise15', 'noise19', 'noise28', 'noise31', 'noise32', 'noise35', 'noise36', 'noise40', 'noise41', 'noise44', 'noise48', 'noise49', 'noise51', 'noise52', 'noise53', 'noise61', 'noise69', 'noise70', 'noise75', 'noise76', 'noise78', 'noise79', 'noise81', 'noise88', 'noise94', 'noise95', 'noise96', 'noise103', 'noise106', 'noise107', 'noise108', 'noise110', 'noise112', 'noise114', 'noise118', 'noise119', 'noise123', 'noise126', 'noise132', 'noise133']"
DL_GA3,"['x2', 'x3', 'x5', 'x6', 'x7', 'x8', 'x9', 'x10', 'corr1', 'corr2', 'corr3', 'noise1', 'noise3', 'noise5', 'noise10', 'noise15', 'noise16', 'noise20', 'noise25', 'noise32', 'noise36', 'noise37', 'noise39', 'noise41', 'noise43', 'noise47', 'noise49', 'noise50', 'noise51', 'noise53', 'noise54', 'noise57', 'noise60', 'noise66', 'noise67', 'noise71', 'noise73', 'noise83', 'noise85', 'noise86', 'noise87', 'noise92', 'noise93', 'noise95', 'noise101', 'noise102', 'noise103', 'noise107', 'noise112', 'noise118', 'noise125', 'noise126', 'noise128', 'noise129', 'noise132', 'noise133', 'noise134', 'noise135']"
DL_GA4,"['x3', 'x4', 'x8', 'x9', 'x10', 'corr1', 'corr2', 'corr3', 'corr5', 'noise6', 'noise8', 'noise9', 'noise10', 'noise12', 'noise13', 'noise14', 'noise16', 'noise17', 'noise18', 'noise19', 'noise20', 'noise21', 'noise22', 'noise23', 'noise25', 'noise27', 'noise28', 'noise36', 'noise38', 'noise39', 'noise40', 'noise52', 'noise53', 'noise54', 'noise57', 'noise58', 'noise59', 'noise72', 'noise73', 'noise74', 'noise78', 'noise82', 'noise83', 'noise85', 'noise87', 'noise88', 'noise89', 'noise91', 'noise93', 'noise94', 'noise95', 'noise96', 'noise97', 'noise102', 'noise103', 'noise108', 'noise110', 'noise113', 'noise114', 'noise121', 'noise125', 'noise128', 'noise132', 'noise133', 'noise134']"
DL_GA5,"['x1', 'x2', 'x3', 'x4', 'x6', 'x7', 'x8', 'x9', 'x10', 'noise1', 'noise2', 'noise7', 'noise8', 'noise11', 'noise12', 'noise13', 'noise16', 'noise17', 'noise18', 'noise19', 'noise20', 'noise22', 'noise23', 'noise26', 'noise28', 'noise33', 'noise36', 'noise37', 'noise41', 'noise45', 'noise46', 'noise47', 'noise52', 'noise53', 'noise57', 'noise59', 'noise61', 'noise64', 'noise66', 'noise69', 'noise76', 'noise77', 'noise78', 'noise82', 'noise85', 'noise93', 'noise99', 'noise100', 'noise108', 'noise110', 'noise111', 'noise116', 'noise122', 'noise125', 'noise127', 'noise132', 'noise134', 'noise135']"
DL_GA6,"['x1', 'x2', 'x3', 'x4', 'x5', 'x6', 'x7', 'x8', 'x9', 'x10', 'corr5', 'noise3', 'noise5', 'noise9', 'noise10', 'noise12', 'noise15', 'noise18', 'noise21', 'noise23', 'noise24', 'noise25', 'noise29', 'noise30', 'noise33', 'noise34', 'noise35', 'noise42', 'noise43', 'noise44', 'noise47', 'noise51', 'noise53', 'noise54', 'noise59', 'noise62', 'noise63', 'noise68', 'noise73', 'noise77', 'noise79', 'noise84', 'noise85', 'noise87', 'noise92', 'noise96', 'noise97', 'noise98', 'noise100', 'noise102', 'noise103', 'noise104', 'noise106', 'noise110', 'noise111', 'noise117', 'noise118', 'noise119', 'noise122', 'noise126', 'noise128', 'noise134']"
DL_GA7,"['x1', 'x2', 'x3', 'x4', 'x5', 'x6', 'x7', 'x8', 'x9', 'x10', 'corr3', 'corr5', 'noise4', 'noise6', 'noise12', 'noise14', 'noise16', 'noise17', 'noise18', 'noise22', 'noise26', 'noise31', 'noise33', 'noise35', 'noise36', 'noise40', 'noise41', 'noise46', 'noise51', 'noise53', 'noise57', 'noise59', 'noise61', 'noise63', 'noise65', 'noise67', 'noise71', 'noise72', 'noise73', 'noise74', 'noise75', 'noise76', 'noise84', 'noise85', 'noise86', 'noise88', 'noise89', 'noise90', 'noise92', 'noise93', 'noise96', 'noise103', 'noise104', 'noise111', 'noise116', 'noise126', 'noise127', 'noise128', 'noise129', 'noise132', 'noise135']"
DL_GA8,"['x2', 'x3', 'x5', 'x6', 'x7', 'x8', 'x9', 'x10', 'corr1', 'corr2', 'corr3', 'noise1', 'noise5', 'noise10', 'noise15', 'noise20', 'noise21', 'noise25', 'noise28', 'noise29', 'noise32', 'noise34', 'noise36', 'noise37', 'noise39', 'noise43', 'noise50', 'noise51', 'noise52', 'noise53', 'noise54', 'noise57', 'noise60', 'noise66', 'noise67', 'noise71', 'noise76', 'noise78', 'noise83', 'noise85', 'noise87', 'noise88', 'noise89', 'noise90', 'noise92', 'noise93', 'noise95', 'noise96', 'noise98', 'noise100', 'noise101', 'noise103', 'noise105', 'noise109', 'noise112', 'noise113', 'noise114', 'noise116', 'noise118', 'noise121', 'noise123', 'noise125', 'noise126', 'noise128', 'noise129', 'noise130', 'noise132', 'noise133', 'noise134', 'noise135']"
DL_GA9,"['x2', 'x3', 'x4', 'x6', 'x8', 'x9', 'x10', 'corr1', 'corr2', 'corr3', 'noise6', 'noise8', 'noise10', 'noise11', 'noise12', 'noise13', 'noise14', 'noise16', 'noise17', 'noise18', 'noise19', 'noise20', 'noise21', 'noise22', 'noise23', 'noise25', 'noise27', 'noise28', 'noise29', 'noise32', 'noise36', 'noise38', 'noise40', 'noise46', 'noise52', 'noise53', 'noise57', 'noise58', 'noise59', 'noise60', 'noise71', 'noise72', 'noise73', 'noise74', 'noise77', 'noise78', 'noise82', 'noise83', 'noise88', 'noise91', 'noise93', 'noise94', 'noise95', 'noise96', 'noise97', 'noise98', 'noise99', 'noise102', 'noise103', 'noise109', 'noise110', 'noise113', 'noise114', 'noise115', 'noise125', 'noise128', 'noise132', 'noise133', 'noise134']"
DL_GA10,"['x1', 'x2', 'x3', 'x4', 'x5', 'x6', 'x7', 'x8', 'x9', 'x10', 'noise5', 'noise7', 'noise12', 'noise17', 'noise18', 'noise19', 'noise24', 'noise32', 'noise33', 'noise41', 'noise44', 'noise45', 'noise46', 'noise50', 'noise51', 'noise54', 'noise57', 'noise58', 'noise61', 'noise66', 'noise67', 'noise70', 'noise82', 'noise90', 'noise92', 'noise95', 'noise99', 'noise100', 'noise108', 'noise110', 'noise111', 'noise117', 'noise119', 'noise120', 'noise121', 'noise125', 'noise126', 'noise127', 'noise129', 'noise132', 'noise134']"
